amount,month,category_main,category_sub,date
1830.0,2025-09,生活費,日用品,2025-09-09
688.0,2025-09,生活費,食費,2025-09-09
1100.0,2025-09,生活費,日用品,2025-09-08
54.0,2025-09,生活費,日用品,2025-09-07
217.0,2025-09,生活費,日用品,2025-09-07
1137.0,2025-09,生活費,食費,2025-09-07
2160.0,2025-09,生活費,外食,2025-09-05
439.0,2025-09,生活費,食費,2025-09-04
11102.0,2025-09,固定費,光熱費,2025-09-04
23235.0,2025-08,生活費,食費,2025-08-31
2273.0,2025-08,生活費,食費,2025-08-31
2420.0,2025-08,生活費,外食,2025-08-30
469.0,2025-08,生活費,日用品,2025-08-29
1103.0,2025-08,生活費,食費,2025-08-29
990.0,2025-08,生活費,日用品,2025-08-29
599.0,2025-08,一時費,特別,2025-08-27
294.0,2025-08,生活費,食費,2025-08-26
1051.0,2025-08,生活費,日用品,2025-08-24
699.0,2025-08,生活費,食費,2025-08-24
4715.0,2025-08,生活費,食費,2025-08-23
240.0,2025-08,生活費,外食,2025-08-20
104.0,2025-08,生活費,食費,2025-08-18
908.0,2025-08,生活費,食費,2025-08-17
719.0,2025-08,生活費,食費,2025-08-16
1463.0,2025-08,生活費,食費,2025-08-15
3650.0,2025-08,生活費,外食,2025-08-15
5406.0,2025-08,生活費,食費,2025-08-14
1038.0,2025-08,生活費,外食,2025-08-13
1377.0,2025-08,生活費,食費,2025-08-11
2839.0,2025-08,生活費,食費,2025-08-11
2462.0,2025-10,生活費,日用品,2025-10-10
858.0,2025-10,生活費,食費,2025-10-10
16500.0,2025-10,一時費,旅行,2025-10-10
6580.0,2025-10,一時費,特別,2025-10-09
13762.0,2025-10,固定費,光熱費,2025-10-06
440.0,2025-10,生活費,日用品,2025-10-05
1107.0,2025-10,生活費,食費,2025-10-05
1134.0,2025-10,生活費,食費,2025-10-04
5043.0,2025-10,生活費,外食,2025-10-01
162.0,2025-10,生活費,外食,2025-10-01
287.0,2025-10,生活費,食費,2025-10-01
170.0,2025-09,生活費,食費,2025-09-30
110.0,2025-09,生活費,日用品,2025-09-29
355.0,2025-09,生活費,食費,2025-09-29
807.0,2025-09,生活費,食費,2025-09-28
1131.0,2025-09,生活費,食費,2025-09-28
4905.0,2025-09,生活費,外食,2025-09-27
330.0,2025-09,生活費,日用品,2025-09-26
1127.0,2025-09,一時費,特別,2025-09-23
231.0,2025-09,生活費,食費,2025-09-23
1360.0,2025-09,生活費,外食,2025-09-23
990.0,2025-09,生活費,日用品,2025-09-21
990.0,2025-09,生活費,日用品,2025-09-21
6060.0,2025-09,生活費,日用品,2025-09-21
105.0,2025-09,生活費,食費,2025-09-21
2105.0,2025-09,生活費,日用品,2025-09-21
982.0,2025-09,生活費,食費,2025-09-20
220.0,2025-09,生活費,日用品,2025-09-19
3625.0,2025-09,一時費,旅行,2025-09-18
23400.0,2025-09,一時費,特別,2025-09-17
274.0,2025-09,生活費,食費,2025-09-16
2500.0,2025-09,生活費,外食,2025-09-15
955.0,2025-09,生活費,食費,2025-09-15
2883.0,2025-09,生活費,食費,2025-09-14
2140.0,2025-09,生活費,外食,2025-09-13
675.0,2025-11,一時費,旅行,2025-11-07
850.0,2025-11,一時費,旅行,2025-11-07
1085.0,2025-11,一時費,旅行,2025-11-07
1298.0,2025-11,生活費,日用品,2025-11-07
190.0,2025-11,生活費,食費,2025-11-07
118.0,2025-11,生活費,外食,2025-11-07
13190.0,2025-11,固定費,光熱費,2025-11-07
85.0,2025-11,生活費,食費,2025-11-05
291.0,2025-11,生活費,食費,2025-11-04
220.0,2025-11,生活費,日用品,2025-11-03
2660.0,2025-11,生活費,外食,2025-11-03
2354.0,2025-11,生活費,食費,2025-11-03
939.0,2025-11,生活費,食費,2025-11-03
1709.0,2025-11,生活費,食費,2025-11-02
3960.0,2025-11,生活費,外食,2025-11-02
220.0,2025-10,生活費,日用品,2025-10-31
470.0,2025-10,生活費,食費,2025-10-29
298.0,2025-10,生活費,食費,2025-10-28
2800.0,2025-10,生活費,食費,2025-10-28
759.0,2025-10,生活費,食費,2025-10-28
3636.0,2025-10,生活費,食費,2025-10-27
4953.0,2025-10,生活費,食費,2025-10-25
203.0,2025-10,生活費,食費,2025-10-24
240.0,2025-10,生活費,食費,2025-10-22
339.0,2025-10,生活費,食費,2025-10-20
1940.0,2025-10,生活費,外食,2025-10-20
330.0,2025-10,生活費,日用品,2025-10-19
1384.0,2025-10,生活費,食費,2025-10-19
469.0,2025-10,生活費,食費,2025-10-18
3740.0,2025-10,生活費,外食,2025-10-18
530.0,2025-10,生活費,食費,2025-10-15
1766.0,2025-10,生活費,食費,2025-10-13
3751.0,2025-10,生活費,外食,2025-10-12
1800.0,2025-10,生活費,外食,2025-10-12
218.0,2025-10,生活費,日用品,2025-10-12
2040.0,2025-10,生活費,外食,2025-10-11
220.0,2025-12,生活費,日用品,2025-12-10
1720.0,2025-12,生活費,外食,2025-12-08
1880.0,2025-12,生活費,外食,2025-12-07
1080.0,2025-12,生活費,食費,2025-12-07
330.0,2025-12,生活費,日用品,2025-12-07
2127.0,2025-12,生活費,食費,2025-12-06
1076.0,2025-12,生活費,食費,2025-12-04
13486.0,2025-12,固定費,光熱費,2025-12-04
54.0,2025-12,生活費,食費,2025-12-01
1960.0,2025-12,生活費,外食,2025-12-01
550.0,2025-11,生活費,日用品,2025-11-30
1780.0,2025-11,生活費,食費,2025-11-30
12400.0,2025-11,一時費,旅行,2025-11-30
872.0,2025-11,生活費,食費,2025-11-29
1363.0,2025-11,生活費,食費,2025-11-29
1285.0,2025-11,生活費,食費,2025-11-28
3300.0,2025-11,生活費,食費,2025-11-28
110.0,2025-11,生活費,食費,2025-11-28
330.0,2025-11,生活費,日用品,2025-11-28
9125.0,2025-11,一時費,旅行,2025-11-28
95.0,2025-11,生活費,食費,2025-11-27
8060.0,2025-11,一時費,特別,2025-11-27
2549.0,2025-11,生活費,日用品,2025-11-23
1407.0,2025-11,生活費,食費,2025-11-23
399.0,2025-11,生活費,日用品,2025-11-22
7038.0,2025-11,生活費,食費,2025-11-22
459.0,2025-11,生活費,食費,2025-11-21
5016.0,2025-11,生活費,外食,2025-11-21
5885.0,2025-11,固定費,水道,2025-11-19
196.0,2025-11,生活費,食費,2025-11-18
208.0,2025-11,生活費,食費,2025-11-17
990.0,2025-11,生活費,外食,2025-11-16
1582.0,2025-11,生活費,食費,2025-11-16
123.0,2025-11,生活費,食費,2025-11-15
2680.0,2025-11,一時費,特別,2025-11-15
1408.0,2025-11,生活費,日用品,2025-11-15
832.0,2025-11,生活費,食費,2025-11-12
2000.0,2025-11,保留,要確認,2025-11-07
1770.0,2025-11,保留,要確認,2025-11-07
620.0,2025-11,保留,要確認,2025-11-07
1742.0,2026-01,生活費,食費,2026-01-10
935.0,2026-01,生活費,食費,2026-01-10
1838.0,2026-01,生活費,食費,2026-01-09
12436.0,2026-01,固定費,光熱費,2026-01-08
239.0,2026-01,生活費,食費,2026-01-06
5698.0,2026-01,一時費,特別,2026-01-04
945.0,2026-01,生活費,食費,2026-01-04
1212.0,2026-01,生活費,食費,2026-01-04
1683.0,2026-01,一時費,特別,2026-01-04
3556.0,2026-01,生活費,食費,2026-01-03
1020.0,2026-01,生活費,外食,2026-01-02
810.0,2025-12,一時費,旅行,2025-12-31
1360.0,2025-12,一時費,旅行,2025-12-31
2099.0,2025-12,一時費,旅行,2025-12-31
1800.0,2025-12,生活費,外食,2025-12-31
953.0,2025-12,生活費,食費,2025-12-30
1297.0,2025-12,生活費,食費,2025-12-30
4333.0,2025-12,一時費,旅行,2025-12-29
2817.0,2025-12,一時費,旅行,2025-12-29
1400.0,2025-12,一時費,旅行,2025-12-29
1296.0,2025-12,生活費,外食,2025-12-29
1004.0,2025-12,一時費,旅行,2025-12-29
6650.0,2025-12,生活費,食費,2025-12-28
1408.0,2025-12,生活費,食費,2025-12-28
800.0,2025-12,生活費,日用品,2025-12-28
827.0,2025-12,生活費,外食,2025-12-28
828.0,2025-12,生活費,食費,2025-12-24
-1009.0,2025-12,一時費,特別,2025-12-22
2280.0,2025-12,生活費,外食,2025-12-22
2519.0,2025-12,一時費,旅行,2025-12-21
298.0,2025-12,生活費,外食,2025-12-21
344.0,2025-12,生活費,食費,2025-12-21
100.0,2025-12,保留,要確認,2025-12-21
10710.0,2025-12,生活費,食費,2025-12-21
2645.0,2025-12,一時費,旅行,2025-12-21
1500.0,2025-12,一時費,旅行,2025-12-21
60000.0,2025-12,一時費,旅行,2025-12-20
415.0,2025-12,一時費,旅行,2025-12-20
1009.0,2025-12,一時費,特別,2025-12-20
680.0,2025-12,生活費,外食,2025-12-20
2748.0,2025-12,保留,要確認,2025-12-20
574.0,2025-12,一時費,旅行,2025-12-20
907.0,2025-12,生活費,食費,2025-12-15
330.0,2025-12,生活費,日用品,2025-12-14
835.0,2025-12,生活費,食費,2025-12-14
2850.0,2025-12,生活費,食費,2025-12-14
1283.0,2025-12,生活費,外食,2025-12-13
2188.0,2025-12,生活費,食費,2025-12-13
2497.0,2025-12,生活費,外食,2025-12-11
259.0,2025-12,生活費,食費,2025-12-11
890.0,2026-02,固定費,サブスク,2026-02-09
810.0,2026-02,生活費,食費,2026-02-09
1482.0,2026-02,生活費,日用品,2026-02-08
633.0,2026-02,生活費,食費,2026-02-08
553.0,2026-02,生活費,外食,2026-02-05
14733.0,2026-02,固定費,光熱費,2026-02-05
128.0,2026-02,一時費,特別,2026-02-04
3999.0,2026-02,一時費,特別,2026-02-04
1430.0,2026-02,生活費,食費,2026-02-03
217.0,2026-02,生活費,食費,2026-02-03
2558.0,2026-02,一時費,旅行,2026-02-02
1520.0,2026-02,生活費,外食,2026-02-02
740.0,2026-02,一時費,特別,2026-02-01
29192.0,2026-02,一時費,旅行,2026-02-01
260.0,2026-02,生活費,外食,2026-02-01
850.0,2026-02,一時費,旅行,2026-02-01
1724.0,2026-02,一時費,旅行,2026-02-01
458.0,2026-02,一時費,旅行,2026-02-01
1100.0,2026-01,一時費,旅行,2026-01-31
2035.0,2026-01,生活費,食費,2026-01-31
735.0,2026-01,一時費,旅行,2026-01-31
392.0,2026-01,保留,要確認,2026-01-31
475.0,2026-01,生活費,食費,2026-01-31
4190.0,2026-01,一時費,旅行,2026-01-31
690.0,2026-01,保留,要確認,2026-01-31
11000.0,2026-01,一時費,旅行,2026-01-31
-9125.0,2026-01,一時費,旅行,2026-01-31
9125.0,2026-01,一時費,旅行,2026-01-28
16680.0,2026-01,一時費,食費,2026-01-26
3212.0,2026-01,生活費,日用品,2026-01-25
2805.0,2026-01,生活費,外食,2026-01-25
880.0,2026-01,生活費,日用品,2026-01-25
1968.0,2026-01,生活費,食費,2026-01-25
7183.0,2026-01,固定費,水道,2026-01-20
2070.0,2026-01,生活費,外食,2026-01-19
1271.0,2026-01,生活費,食費,2026-01-18
220.0,2026-01,生活費,日用品,2026-01-17
2925.0,2026-01,生活費,食費,2026-01-17
278.0,2026-01,生活費,食費,2026-01-16
863.0,2026-01,一時費,特別,2026-01-15
550.0,2026-01,生活費,日用品,2026-01-13
627.0,2026-01,生活費,食費,2026-01-13
481.0,2026-01,生活費,食費,2026-01-12
594.0,2026-01,生活費,食費,2026-01-12
1387.0,2026-01,生活費,日用品,2026-01-12
1212.0,2026-01,生活費,食費,2026-01-12
162.0,2026-01,生活費,外食,2026-01-11
3490.0,2026-01,生活費,外食,2026-01-11
2240.0,2025-12,保留,要確認,2025-12-21
1900.0,2025-12,保留,要確認,2025-12-21
3850.0,2025-12,保留,要確認,2025-12-20
4074.0,2026-03,生活費,食費,2026-03-10
2445.0,2026-03,生活費,食費,2026-03-10
1491.0,2026-03,一時費,特別,2026-03-09
890.0,2026-03,固定費,サブスク,2026-03-09
2554.0,2026-03,生活費,食費,2026-03-08
2944.0,2026-03,生活費,食費,2026-03-07
3450.0,2026-03,生活費,食費,2026-03-06
632.0,2026-03,生活費,食費,2026-03-05
660.0,2026-03,生活費,食費,2026-03-05
1261.0,2026-03,生活費,食費,2026-03-05
11314.0,2026-03,固定費,光熱費,2026-03-05
990.0,2026-03,生活費,日用品,2026-03-04
2580.0,2026-03,生活費,外食,2026-03-04
471.0,2026-03,生活費,日用品,2026-03-01
1138.0,2026-03,生活費,食費,2026-03-01
344.0,2026-02,生活費,食費,2026-02-28
966.0,2026-02,生活費,食費,2026-02-28
440.0,2026-02,生活費,日用品,2026-02-28
1320.0,2026-02,生活費,日用品,2026-02-26
4144.0,2026-02,生活費,食費,2026-02-25
674.0,2026-02,生活費,日用品,2026-02-24
2148.0,2026-02,生活費,食費,2026-02-23
1640.0,2026-02,生活費,外食,2026-02-23
220.0,2026-02,生活費,日用品,2026-02-22
378.0,2026-02,生活費,食費,2026-02-22
1186.0,2026-02,生活費,食費,2026-02-22
54.0,2026-02,生活費,日用品,2026-02-22
1326.0,2026-02,生活費,食費,2026-02-22
546.0,2026-02,生活費,食費,2026-02-21
786.0,2026-02,生活費,食費,2026-02-21
168.0,2026-02,生活費,外食,2026-02-21
617.0,2026-02,生活費,外食,2026-02-21
192.0,2026-02,生活費,外食,2026-02-21
137.0,2026-02,生活費,食費,2026-02-19
1199.0,2026-02,生活費,外食,2026-02-18
742.0,2026-02,生活費,外食,2026-02-18
1700.0,2026-02,一時費,食費,2026-02-18
473.0,2026-02,生活費,日用品,2026-02-17
440.0,2026-02,生活費,日用品,2026-02-15
851.0,2026-02,生活費,食費,2026-02-15
1583.0,2026-02,生活費,食費,2026-02-14
2074.0,2026-02,生活費,食費,2026-02-11
2560.0,2026-01,保留,要確認,2026-01-31
,,,,
,,,,
,,,,
,,,,
,,,,
,,,,
,,,,
,,,,
,,,,
,,,,
,,,,
,,,,
,,,,
,,,,
,,,,
,,,,
,,,,
,,,,
,,,,
,,,,
,,,,
,,,,
,,,,
,,,,
,,,,
,,,,
,,,,
,,,,
,,,,
,,,,
,,,,
,,,,
,,,,
,,,,
,,,,
,,,,
,,,,
,,,,
,,,,
,,,,
,,,,
,,,,
,,,,
,,,,
,,,,
,,,,
,,,,
,,,,
,,,,
,,,,
,,,,
,,,,
,,,,
,,,,
,,,,
,,,,
,,,,
,,,,
,,,,
,,,,
,,,,
,,,,
,,,,
,,,,
,,,,
,,,,
,,,,
,,,,
,,,,
,,,,
,,,,
,,,,
,,,,
,,,,
,,,,
,,,,
,,,,
,,,,
,,,,
,,,,
,,,,
,,,,
,,,,
,,,,
,,,,
,,,,
,,,,
,,,,
,,,,
,,,,
,,,,
,,,,
,,,,
,,,,
,,,,
,,,,
,,,,
,,,,
,,,,
,,,,
,,,,
,,,,
,,,,
,,,,
,,,,
,,,,
,,,,
,,,,
,,,,
,,,,
,,,,
,,,,
,,,,
,,,,
,,,,
,,,,
,,,,
,,,,
,,,,
,,,,
,,,,
,,,,
,,,,
,,,,
,,,,
,,,,
,,,,
,,,,
,,,,
,,,,
,,,,
,,,,
,,,,
,,,,
,,,,
,,,,
,,,,
,,,,
,,,,
,,,,
,,,,
,,,,
,,,,
,,,,
,,,,
,,,,
,,,,
,,,,
,,,,
,,,,
,,,,
,,,,
,,,,
,,,,
,,,,
,,,,
,,,,
,,,,
,,,,
,,,,
,,,,
,,,,
,,,,
,,,,
,,,,
,,,,
,,,,
,,,,
,,,,
,,,,
,,,,
,,,,
,,,,
,,,,
,,,,
,,,,
,,,,
,,,,
,,,,
,,,,
,,,,
,,,,
,,,,
,,,,
,,,,
,,,,
,,,,
,,,,
,,,,
,,,,
,,,,
,,,,
,,,,
,,,,
,,,,
,,,,
,,,,
,,,,
,,,,
,,,,
,,,,
,,,,
,,,,
,,,,
,,,,
,,,,
,,,,
,,,,
,,,,
,,,,
,,,,
,,,,
,,,,
,,,,
,,,,
,,,,
,,,,
,,,,
,,,,
,,,,
,,,,
,,,,
,,,,
,,,,
,,,,
,,,,
,,,,
,,,,
,,,,
,,,,
,,,,
,,,,
,,,,
,,,,
,,,,
,,,,
,,,,
,,,,
,,,,
,,,,
,,,,
,,,,
,,,,
,,,,
,,,,
,,,,
,,,,
,,,,
,,,,
,,,,
,,,,
,,,,
,,,,
,,,,
,,,,
,,,,
,,,,
,,,,
,,,,
,,,,
,,,,
,,,,
,,,,
,,,,
,,,,
,,,,
,,,,
,,,,
,,,,
,,,,
,,,,
,,,,
,,,,
,,,,
,,,,
,,,,
,,,,
,,,,
,,,,
,,,,
,,,,
,,,,
,,,,
,,,,
,,,,
,,,,
,,,,
,,,,
,,,,
,,,,
,,,,
,,,,
,,,,
,,,,
,,,,
,,,,
,,,,
,,,,
,,,,
,,,,
,,,,
,,,,
,,,,
,,,,
,,,,
,,,,
,,,,
,,,,
,,,,
,,,,
,,,,
,,,,
,,,,
,,,,
,,,,
,,,,
,,,,
,,,,
,,,,
,,,,
,,,,
,,,,
,,,,
,,,,
,,,,
,,,,
,,,,
,,,,
,,,,
,,,,
,,,,
,,,,
,,,,
,,,,
,,,,
,,,,
,,,,
,,,,
,,,,
,,,,
,,,,
,,,,
,,,,
,,,,
,,,,
,,,,
,,,,
,,,,
,,,,
,,,,
,,,,
,,,,
,,,,
,,,,
,,,,
,,,,
,,,,
,,,,
,,,,
,,,,
,,,,
,,,,
,,,,
,,,,
,,,,
,,,,
,,,,
,,,,
,,,,
,,,,
,,,,
,,,,
,,,,
,,,,
,,,,
,,,,
,,,,
,,,,
,,,,
,,,,
,,,,
,,,,
,,,,
,,,,
,,,,
,,,,
,,,,
,,,,
,,,,
,,,,
,,,,
,,,,
,,,,
,,,,
,,,,
,,,,
,,,,
,,,,
,,,,
,,,,
,,,,
,,,,
,,,,
,,,,
,,,,
,,,,
,,,,
,,,,
,,,,
,,,,
,,,,
,,,,
,,,,
,,,,
,,,,
,,,,
,,,,
,,,,
,,,,
,,,,
,,,,
,,,,
,,,,
,,,,
,,,,
,,,,
,,,,
,,,,
,,,,
,,,,
,,,,
,,,,
,,,,
,,,,
,,,,
,,,,
,,,,
,,,,
,,,,
,,,,
,,,,
,,,,
,,,,
,,,,
,,,,
,,,,
,,,,
,,,,
,,,,
,,,,
,,,,
,,,,
,,,,
,,,,
,,,,
,,,,
,,,,
,,,,
,,,,
,,,,
,,,,
,,,,
,,,,
,,,,
,,,,
,,,,
,,,,
,,,,
,,,,
,,,,
,,,,
,,,,
,,,,
,,,,
,,,,
,,,,
,,,,
,,,,
,,,,
,,,,
,,,,
,,,,
,,,,
,,,,
,,,,
,,,,
,,,,
,,,,
,,,,
,,,,
,,,,
,,,,
,,,,
,,,,
,,,,
,,,,
,,,,
,,,,
,,,,
,,,,
,,,,
,,,,
,,,,
,,,,
,,,,
,,,,
,,,,
,,,,
,,,,
,,,,
,,,,
,,,,
,,,,
,,,,
,,,,
,,,,
,,,,
,,,,
,,,,
,,,,
,,,,
,,,,
,,,,
,,,,
,,,,
,,,,
,,,,
,,,,
,,,,
,,,,
,,,,
,,,,
,,,,
,,,,
,,,,
,,,,
,,,,
,,,,
,,,,
,,,,
,,,,
,,,,
,,,,
,,,,
,,,,
,,,,
,,,,
,,,,
,,,,
,,,,
,,,,
,,,,
,,,,
,,,,
,,,,
,,,,
,,,,
,,,,
,,,,
,,,,
,,,,
,,,,
,,,,
,,,,
,,,,
,,,,
,,,,
,,,,
,,,,
,,,,
